hierarchical_cluster,recency,frequency,monetary
0,154.4653846153846,1.0814102564102563,379.2332314102564
1,104.82554161915621,2.8711516533637402,1275.7158620296466
2,25.566091954022987,10.876436781609195,6156.086619731801
3,43.75262543757293,3.4679113185530923,903.2051586931155
