kmeans_cluster,recency,frequency,monetary
0,133.5972972972973,1.6432432432432433,519.0234563706564
1,29.215102974828376,8.167048054919908,4329.025830663615
