dbscan_cluster,recency,frequency,monetary
-1,60.3155737704918,13.59016393442623,14281.674307377049
0,93.27032321253672,3.6912340842311457,1309.2449786973555
1,289.4,2.2,891.8399999999999
2,1.0,26.0,15052.736
