,clv,clv,clv,lifespan_days,lifespan_days,lifespan_days,recency,recency,recency,frequency,frequency,frequency,monetary,monetary,monetary
,mean,median,std,mean,median,std,mean,median,std,mean,median,std,mean,median,std
kmeans_cluster,,,,,,,,,,,,,,,
0,3907.5395707942953,2460.3629237288137,5240.062048662044,198.143896523848,207.0,99.32335145549477,49.47210994341148,30.0,55.386435079097474,4.040420371867421,4.0,1.8146248244651655,1355.0269943411479,1154.47,833.9000768114282
1,13545.39070755001,5584.705056179775,49222.25039763661,298.815668202765,337.0,83.71706819983541,13.872503840245775,7.0,24.681927920545135,14.417818740399385,11.0,15.989821440414062,8833.174101382489,4124.69,21599.210613524054
2,164898.06584676512,93556.8,820213.651141597,1.147962382445141,1.0,1.0840120416714358,154.42633228840126,130.0,115.65256479133089,1.0752351097178683,1.0,0.32365132464730806,461.73448965517247,270.8,2247.115672595299
3,3581.079106592819,1861.5000000000002,7261.555607641219,150.59649122807016,140.0,95.14267475272426,94.20701754385965,71.0,79.84313043480003,2.8456140350877193,2.0,1.3091378773850337,875.2943403508772,609.85,1728.7624352339487
